TransactionAmount,TransactionType,Location,DeviceID,IP Address,MerchantID,Channel,CustomerAge,CustomerOccupation,TransactionDuration,LoginAttempts,AccountBalance,AnomalyScore
-0.001603170969697631,-0.0041780744015332445,-8.677185083789025e-05,-0.0008028699896080691,-0.0007463914752563387,0.00032982018459988256,-0.000278017972286572,0.00030879867051756806,0.0022154442979527684,-0.00223897539576497,-0.007750516543548207,-0.002074831967041951,-0.03211912411615776
