TransactionAmount,TransactionType,Location,DeviceID,IP Address,MerchantID,Channel,CustomerAge,CustomerOccupation,TransactionDuration,LoginAttempts,AccountBalance,AnomalyScore
0.004836791083127737,-0.008544319971308225,-0.0047365134634890895,0.0008644646987042585,-0.0015332697542655824,0.0036779655601406392,-0.0012139877032552257,-0.0002158180413795885,0.010157470851151864,-0.00644320103052558,0.23310476326372573,0.0006298408835470903,0.700391132095164
