TransactionAmount,TransactionType,Location,DeviceID,IP Address,MerchantID,Channel,CustomerAge,CustomerOccupation,TransactionDuration,LoginAttempts,AccountBalance,AnomalyScore
0.0698852872821578,0.026141802880799914,-0.0030571837003340488,-0.0052162820757970475,-0.008380390196798648,-0.0003337056394634029,-0.0084799863942558,-0.0007703397526582932,-0.006249074430969929,0.002924399339931451,0.12696958410740328,0.036925944597478624,0.5906152624538434
