TransactionAmount,TransactionType,Location,DeviceID,IP Address,MerchantID,Channel,CustomerAge,CustomerOccupation,TransactionDuration,LoginAttempts,AccountBalance
-0.0062591535628142465,-0.009845206157107465,0.0007457240100772487,-0.0026904516553636184,-0.003437350677992613,0.001894334913025893,-0.0012391550299146654,-0.0008625183913205953,0.004860193163576384,-0.0057816925974259565,-0.022366073577566918,-0.004043331965835858
